EP ID,SMILES,Es-Ea (eV),LUMO_sol (eV),HOMO_sol (eV),Dielectric constant of solvents
ep-101145,CCC(C)(C)C(C)OC,0.861103011343817,8.195523428,-7.642316073,2.7026
ep-101151,CCOC(C)C(C)(C)C,0.8898930615883130,8.288586348,-7.562314616,3.765
ep-101232,CC(C)OCC(C)(C)C,0.9692581464074070,8.426548045,-7.655105422,2.4192
ep-101237,CCCOCC(C)(C)C,0.9877737483340800,8.5558021,-7.677690867,2.6353
ep-101261,CCC(C)C(C)(C)OC,0.8494919498796410,7.90272898,-7.52394657,3.0974
ep-101263,COC(C)C(C)C(C)C,0.9674250337836460,8.15769961,-7.634152659,2.6734
ep-101268,CCOC(C)C(C)CC,0.9338382003892870,8.365594553,-7.618642172,3.0692
ep-101274,CCCC(C)C(C)OC,0.969092202632386,8.248857733,-7.670888022,2.217
ep-101420,CCOC(C)(C)C(C)C,0.9128522036910540,8.187904242,-7.553606974,2.4603
ep-101422,CC(C)OC(C)C(C)C,0.8604639383953420,8.369404147,-7.543810877,2.8727
ep-101426,CCCOC(C)C(C)C,0.9171120855288050,8.345458132,-7.568845347,3.5306
ep-101473,COC(C)OCC(C)C,0.9788594457818710,8.203958956,-7.947083529,7.6487
ep-115822,CCCOC(C)(C)CC,0.8800819565270470,8.06599726,-7.525579253,5.9046
ep-115858,COC(C)(C)CC(C)C,0.8368604156397190,7.934022067,-7.555239657,3.983
ep-115863,CCCCC(C)(C)OC,0.9136657994495020,7.949532553,-7.573743395,3.9368
ep-11589,CCOC(C)(C)CC,0.9028230081527260,8.119875792,-7.551974291,3.1324
ep-11595,CCCOC(C)(C)C,0.8888860602359550,8.094841322,-7.559865592,3.56
ep-11645,COC(C)(C)C(C)C,0.9591562915934950,8.007764906,-7.585988516,2.4226
ep-11649,COC(C)(C)C(C)=O,0.990083133790898,0.710217018,-7.431427878,4.6451
ep-11650,CCC(C)(CC)OC,0.927784118342597,7.957968081,-7.581634696,2.6772
ep-11702,CCOC(C)(C)OC,1.1352768447261100,8.041779131,-7.919872149,1.2549
ep-11978,CCOC(C)C(C)C,0.8799088046067730,8.308722769,-7.560137705,4.3522
ep-11989,CCCOC(C)CC,0.9182047562790220,8.406683737,-7.604764369,6.874
ep-11995,CCCC(C)OCC,0.9195537209060290,8.28015082,-7.56694055,4.2609
ep-12060,CC(C)COC(C)C,0.9653632816907750,8.438793166,-7.648030463,2.3284
ep-121,COC(C)C,0.9642383069915720,8.225183833,-7.700004199,4.5085
ep-12118,COC(=O)OC(C)C,1.0869419322544100,0.078368774,-7.367753249,1.3667
ep-1230,COC(=O)OC,1.1753543006254300,-0.246807217,-7.464897875,1.2804
ep-12439,COC(C)C(C)(C)C,0.9464256226164590,8.176747576,-7.667078429,2.6636
ep-12442,CCC(OC)C(C)C,0.894807044035295,8.220830012,-7.634969,7.8878
ep-12448,CCC(C)C(C)OC,0.959569616081414,8.225183833,-7.666534201,2.9872
ep-12509,CCCC(CC)OC,0.9880939732725480,8.178924487,-7.658642901,3.049
ep-125184,CCOC(C)CC(C)C,0.8376067978658080,8.330219759,-7.579457785,7.3201
ep-125227,CC(C)CCOC(C)C,0.8749916616147630,8.384370406,-7.630887293,8.4239
ep-125232,CCCOCCC(C)C,0.8704964972769290,8.560700148,-7.686126395,4.4329
ep-125400,CCCCCOCCC,0.9247241257671860,8.497569746,-7.653472739,6.7861
ep-12559,COC(C)CC(C)C,0.8736703025806090,8.195795542,-7.642588187,2.8384
ep-12563,COC(C)CC(C)=O,0.9617283893900830,0.549669876,-7.361494631,6.3248
ep-12564,CCCCC(C)OC,0.9774720560923860,8.200149363,-7.674153388,3.1022
ep-125766,CCCOC(C)CCC,0.9216799774227270,8.406411623,-7.602587458,5.8468
ep-125777,CCC(C)COC(C)C,0.9620479651616450,8.425187476,-7.64639778,2.3001
ep-125780,CCCOCC(C)CC,0.88165709681073,8.556346327,-7.668166884,4.4846
ep-12788,COC(C)(OC)OC,0.4305751699870100,7.949532553,-7.901640524,5.4197
ep-12929,COC(C)OC(C)=O,1.0135026175713600,0.177690311,-7.404760726,2.6036
ep-12941,CCOC(CC)OC,0.5894766486402850,8.199333022,-7.925858653,5.4938
ep-13347,COC(OC)C(C)C,0.6659666103120790,8.056201163,-7.937559546,6.1728
ep-133725,CCOC(C)(OC)OC,0.5400271705757330,8.080691405,-8.007220679,4.0088
ep-13388,CCCC(OC)OC,0.6185873976168280,8.02164271,-7.951981577,5.7144
ep-134280,CCCCOC(C)(C)C,0.8792920036663100,8.000962061,-7.51605527,5.2342
ep-134413,CCCCOCC(C)C,0.927364853721027,8.596347056,-7.694834036,7.9255
ep-134416,CCCCOCCCC,0.9269014238025180,8.543012751,-7.691296557,6.4507
ep-134761,CCCOCOCCC,0.6177864004903530,7.956063284,-7.949804667,2.6952
ep-1361,CC1CCOC1,0.8810797179049700,7.954702715,-7.602315344,8.3931
ep-142,CC(=O)C=O,1.3328901699656000,-0.465858826,-8.152801562,2.2439
ep-14973,CCOC(=O)COC,0.6123787988813430,0.175513401,-7.383807963,5.9609
ep-15022,COCCOC(C)=O,0.6434621329917330,0.233745754,-7.374556094,5.6849
ep-15068,CCC(=O)OCOC,0.8859190553714750,0.144764542,-7.474149745,4.964
ep-15094,CCOCOC(C)=O,0.9856916512330420,0.153200069,-7.422720236,4.6069
ep-1529,CC1CCCO1,1.0546870716345300,8.052119456,-7.590614451,1.4146
ep-15331,COCCC(=O)OC,1.0052761170467800,0.145036655,-7.451836413,5.985
ep-15348,CCOCC(=O)OC,0.4051655176562370,0.192928684,-7.37428398,5.4142
ep-15381,CCCOCC(C)C,1.0171019594634200,8.548999255,-7.745719317,1.6743
ep-15447,CCCCOCCC,1.0069158551302200,8.527502264,-7.674153388,2.2608
ep-154751,CCC1OCCC1(C)C,0.8883978366672690,8.198788794,-7.548164698,4.6494
ep-154757,CC(C)(C)C1CCCO1,0.8499814327312870,7.920416377,-7.53972917,6.8121
ep-154795,CC(C)C1OCCC1C,0.9088787810000000,8.115521971,-7.555783885,3.4375
ep-154880,CCC1OCC(C)C1C,0.8527218000806310,7.98436312,-7.520136977,5.1246
ep-154884,CCC1CCOC1CC,0.9177685529397830,8.14980831,-7.607213393,4.052
ep-154886,CCC(C)C1CCCO1,0.8703967777479620,7.937287432,-7.547348357,4.4041
ep-154889,CCC1OCCCC1C,0.9711858028295360,8.293484396,-7.65211217,2.3348
ep-155025,CC(C)C1CCCCO1,0.9018978512625700,8.258381716,-7.618642172,7.5081
ep-155105,CCCC1OCCC1C,0.8622800141636480,8.059738642,-7.537008032,6.5873
ep-155111,CC1COC(C(C)C)C1,0.8553675310487810,7.960961333,-7.577552989,5.7728
ep-156502,CCC1CC(C)(C)CO1,0.8624667605124840,7.901640524,-7.535103236,5.6993
ep-156507,CCC1CC(C)CCO1,0.9224117644113990,8.286137324,-7.636601683,5.7866
ep-156603,CCCC1CCC(C)O1,0.7918774164517430,8.172121642,-7.520136977,3.3218
ep-156605,CCC1CCCC(C)O1,0.9313646039295430,8.422194224,-7.622179652,2.3149
ep-156610,CCCC1CCCCO1,0.8793487620340460,8.304368948,-7.577008761,8.0832
ep-156704,CCCC1CC(C)CO1,0.8158976406294420,8.133753596,-7.633064204,4.4128
ep-156785,CCCCC1CCCO1,0.7750877680662130,8.025452303,-7.528300391,7.1013
ep-156788,CCC1CCC(C)CO1,0.9614126008898660,8.269266268,-7.645853552,2.2963
ep-157167,CCC1CC(OC)CO1,0.6134002403567470,8.079875063,-7.713609889,7.574
ep-157683,CCC1(C)CCCCO1,0.8879775448350860,7.996336127,-7.549797381,5.2876
ep-157705,CCC1OCCOC1C,1.203168954732290,7.929396132,-7.985179461,1.0627
ep-157757,CCC1CCC(CC)O1,0.9216891601022700,8.403962599,-7.609390303,2.2597
ep-15800,CCCOC(=O)OC,1.1203092340609800,-0.161363483,-7.407753977,1.2545
ep-15825,CCOC(=O)OCC,1.1108202055324000,-0.159458687,-7.37646089,1.2021
ep-15881,CCCOCOCC,0.5906394354504510,7.977288161,-7.990621737,2.22
ep-159,CCCOC,0.9985557013626790,8.430629752,-7.780821997,4.2528
ep-165837,CC1(C)COCC1(C)C,0.8953683487190460,8.163141886,-7.577280875,4.9638
ep-165840,CC(C)C1(C)CCOC1,0.9354521766912100,8.05456848,-7.59986632,3.1102
ep-165843,CC1CCOCC1(C)C,0.9380493796173340,8.393622275,-7.677962981,5.5811
ep-165847,CC1COC(C)C1(C)C,0.8730005205102730,8.172393755,-7.547348357,4.8962
ep-165907,CCC1(C)COCC1C,0.8771490816301370,8.127767092,-7.567484778,6.5408
ep-165973,CC1OCC(C)(C)C1C,0.8585616973714650,7.982186209,-7.517687953,6.294
ep-165974,CCC1COCC1(C)C,0.9073469683933900,8.14980831,-7.601499003,4.7233
ep-166273,COC1(C)COCC1C,0.6289419732048640,7.964226698,-7.60558071,8.0053
ep-166615,CC(C)C1COCC1C,0.9079899661197370,8.104637419,-7.578097216,4.0397
ep-166620,CCC1COCCC1C,0.9346757732352940,8.386547316,-7.65211217,5.236
ep-166622,CC(C)C1CCCOC1,0.8979465889762260,8.322600573,-7.644765097,7.6007
ep-166627,CCC1C(C)COC1C,0.8653694265359230,8.021098483,-7.517415839,6.2871
ep-166628,CC(C)C1CCOC1C,0.9106972839946140,8.237973181,-7.574015509,2.971
ep-166693,CC(C)(C)C1CCOC1,0.9538967606245420,8.22001367,-7.667078429,3.2989
ep-166767,CCC1COC(C)C1C,0.8625316585141030,8.146542944,-7.523402342,5.779
ep-166768,CCC1COCC1CC,0.8908209745217340,8.137291075,-7.581362582,5.6019
ep-166769,CCC(C)C1CCOC1,0.9329819003412850,8.096746119,-7.582723151,3.1651
ep-166880,CCCC1COCC1C,0.937456143616541,8.257565375,-7.682316802,3.7519
ep-166881,CC1CC(C(C)C)CO1,0.9212512292170550,8.167767821,-7.648302577,4.1842
ep-170009,CCC1CCCOC1C,0.8845001842951170,8.094569209,-7.570205916,7.1487
ep-170024,CCC1CCOC1OC,1.0858067920595200,7.950076781,-7.883136786,2.3052
ep-170060,CCC1(C)CCCOC1,0.9274889871652550,8.399064551,-7.668983225,5.2761
ep-170064,CCC1(CC)CCOC1,0.8903004701276710,8.038241652,-7.579729899,5.0771
ep-170099,COCC1CCOC1C,0.8822096820194580,8.010486044,-7.593335589,7.1797
ep-170109,CCC1COCC(C)C1,0.9177924090940860,8.296205534,-7.585444289,5.1442
ep-170110,CCCC1CCCOC1,0.9454313714192340,8.396343413,-7.668166884,4.5743
ep-170184,CCC1CCC(C)OC1,0.9232715018661920,8.325593825,-7.659731356,4.3271
ep-170257,CCC1(C)CCOC1C,0.9142095006309590,8.308450655,-7.590614451,3.1216
ep-170286,CCCC1CCOC1C,0.8883400728626070,8.030622466,-7.525579253,4.4311
ep-170800,CCC1(C)COC(C)C1,0.8697720433213240,7.973750681,-7.527211936,5.1182
ep-170801,CCCC1(C)CCOC1,0.9029943278157240,7.991710192,-7.601226889,4.9198
ep-171179,CCC1COCC1OC,0.9259025800286020,7.909531825,-7.732113627,7.482
ep-171190,CC(C)CC1CCOC1,0.890279231848361,8.0115745,-7.586532744,6.2207
ep-17122,COCCCCOC,0.9560566540087150,8.380560812,-7.7552433,4.0392
ep-171252,CCCC1COC(C)C1,0.8646519782712390,8.019193686,-7.529388846,6.2528
ep-171295,CCCCC1CCOC1,0.8942990793046360,8.0352484,-7.580002013,5.5939
ep-171601,COCC1(C)CCOC1,0.9004117944911790,8.010758158,-7.627349814,5.1411
ep-1721,O=C1CCOC1,1.1944874245077100,0.257419655,-7.641227618,1.6088
ep-1739,C1CCOCC1,0.8957751135091660,8.180012942,-7.592791361,8.3513
ep-17681,COCOC(=O)OC,1.1152997741108000,-0.331434608,-7.588165427,3.7833
ep-185953,CCOC1COC(C)C1,0.5579214617039640,8.046132952,-7.621907538,2.9564
ep-186580,COC1COCC1OC,0.6307021816747730,7.959600764,-7.703813792,5.4731
ep-187125,CCC1OCCC(C)O1,0.950073902041651,7.923409628,-7.916878897,7.4428
ep-1879,C1COCCO1,1.4062710801584500,7.991982306,-8.086950022,1.0691
ep-196130,COC1CCC(C)OC1,0.9584289122606400,8.098923029,-7.799597849,6.6728
ep-205009,CC1(C)CCOC1(C)C,0.8493790883331990,8.061643439,-7.504898604,5.4637
ep-205019,CC1OCCCC1(C)C,0.9416782681479620,8.181373511,-7.59415193,2.8656
ep-205542,CC1COCC(C)(C)C1,0.9439806731892130,8.294572852,-7.668983225,4.2291
ep-205622,CC1CCCOC1(C)C,0.8497139713772750,8.027901328,-7.540817626,7.2239
ep-205635,CC1CCOC(C)C1C,0.9511417234753420,8.271443179,-7.642588187,2.5489
ep-205675,CC1OC(C)C(C)C1C,0.8374601736481390,8.228177084,-7.505987059,7.8872
ep-205680,CC1CCC(C)C(C)O1,0.9291349754872690,8.440425848,-7.642316073,2.2033
ep-205736,CC1COC(C)C(C)C1,0.9560124195920580,8.243415457,-7.617553717,2.77
ep-205786,COC1COCCC1C,1.0983535669879500,8.227360743,-7.86191191,2.324
ep-206970,CCC1COC(C)OC1,0.9725882002310330,8.004227427,-7.95932865,7.0397
ep-207074,COC1CCC(C)CO1,0.6407648710591360,8.125590182,-7.84476874,5.9761
ep-207164,COC1CC(C)C(C)O1,0.9700981243719640,7.938375887,-7.772930697,4.9564
ep-208,COC(C)=O,0.9739182580189870,0.21551413,-7.373739752,5.8568
ep-2121,CCC(C)(C)OC,0.9391349365990760,7.959600764,-7.585988516,3.3757
ep-2162,CCOC(C)(C)C,0.8969808490189460,7.980009299,-7.53755226,4.381
ep-2234,COC(C)C(C)C,0.9509863530826180,8.253483668,-7.679051436,3.8297
ep-2273,CC(C)C(=O)C=O,0.9743227827365570,-0.445722404,-8.107902785,1.5491
ep-244241,CC1CCCC(C)(C)O1,0.8395786201775370,8.113617175,-7.536463805,6.7107
ep-244247,CC1CCOC(C)(C)C1,0.8759442357879750,7.977288161,-7.567212664,5.3569
ep-244264,CC1CCC(C)(C)OC1,0.8688625808319670,7.985723689,-7.574559737,6.1214
ep-246924,CCOC1COCCO1,1.1006356767403400,7.948716212,-7.977560275,3.0162
ep-251757,CCC1OC(C)C(C)O1,1.0654013421737800,7.926947108,-7.888851176,2.4076
ep-253546,CCOC1CCCOC1,0.490876714492289,8.190081152,-7.679595664,7.0678
ep-253620,COC1COCC(C)O1,1.04880894300645,7.914701987,-7.966675723,4.8061
ep-253710,CCC1COCC(C)O1,1.0730734560380200,7.960961333,-7.865993617,1.4728
ep-2567,COC(C)(C)OC,1.1475450585994300,8.058922301,-7.939192229,1.6696
ep-259260,CC1CC(C)OC(C)C1,0.8698221847226240,8.431173979,-7.62490079,7.059
ep-259270,CC1CC(C)C(C)CO1,0.8935993834799730,8.299198786,-7.63850648,5.6949
ep-259313,CCCOC1CCCO1,1.023736058603000,7.966947836,-7.871708006,3.5023
ep-259338,CC1COCC(C)C1C,0.9522246277672590,8.334845694,-7.666262087,3.7879
ep-259436,COC1(C)CCCCO1,1.106945736513310,8.033343604,-7.908987597,1.5098
ep-259547,COC1CCCC(C)O1,0.48664021688517000,8.024635962,-7.822999636,1.4073
ep-26544,CC1(C)OCCC1=O,1.069835196983370,0.459872322,-7.55115795,3.7048
ep-26572,CC1(C)CC(=O)CO1,1.022339920160530,0.404905334,-7.54898104,6.0862
ep-26617,CC1(C)OCOC1=O,1.0253075760592800,0.062858288,-7.575648192,7.0754
ep-2681,CCC(CC)OC,1.0700884043106800,8.157427496,-7.729392489,1.2875
ep-269273,CC(C)C1CCOCC1,0.9358460030773450,8.23933375,-7.576464533,3.9227
ep-27015,CC1(C)OCC(=O)O1,1.00365636791423,0.101770561,-7.525579253,7.9002
ep-271173,CCCC1CCOCC1,0.9107990383747780,8.245864481,-7.650479487,7.6632
ep-2737,CCCC(C)OC,0.9954407137318440,8.223279036,-7.686398509,2.864
ep-2743,CCOC(C)CC,0.9840190975248750,8.239877978,-7.643404528,1.2965
ep-280015,CC1CC(C)(C)CCO1,0.9081011485845990,8.27797391,-7.642588187,5.5243
ep-280026,CC1COCCC1(C)C,0.967228049833087,8.384370406,-7.671160136,3.4521
ep-280038,CCC1(C)CCOCC1,0.9569311031529740,8.390901137,-7.669255339,4.1471
ep-280335,CCC1CCOC(C)C1,0.9221608708447280,8.362329188,-7.61700949,3.8133
ep-280341,CCC1CCOCC1C,0.9452611490026930,8.431446093,-7.696466719,5.4962
ep-28060,CC1CC(C)C(C)O1,0.89439662365707,8.152529448,-7.553062747,3.4943
ep-28062,CCC1CCC(C)O1,0.9264350724764110,8.363145529,-7.611022986,2.9145
ep-28067,CC1CCCC(C)O1,0.8909357568221410,8.200421477,-7.548164698,3.9835
ep-28079,CC1COCC(C)O1,1.1693647563908800,7.958240195,-7.874701258,1.4434
ep-28097,CC1CC(=O)C(C)O1,1.0613742197200500,0.488988499,-7.554967543,4.4973
ep-28170,CC1OC(=O)C(C)O1,1.0097850303205500,0.141227062,-7.550341609,7.8309
ep-28435,CC1OCCC1(C)C,0.8906660213235900,8.098650916,-7.545715674,4.3827
ep-28436,CC(C)C1CCCO1,0.8674765135188270,8.212666598,-7.65782656,3.957
ep-28440,CC1CCCOC1C,0.8916950636026200,8.008581248,-7.520409091,5.8624
ep-28457,CC1OCCOC1C,1.2524946590789800,7.963954585,-7.994703444,1.0914
ep-28493,CCC1OCCC1C,0.8670634905530290,8.127222865,-7.549525267,5.9071
ep-28495,CCC1CCCCO1,0.9099264333063320,8.081235632,-7.532382098,3.8801
ep-28513,CCOC1CCOC1,0.6264635601990660,7.949804667,-7.669799567,7.7964
ep-28543,CCC1OCCC1=O,1.0612316483663300,0.469668419,-7.560409819,4.7356
ep-28559,CC1COC(C)C1C,0.8940554388238030,7.995519785,-7.528572505,4.1113
ep-28564,CC1CCC(C)OC1,0.890648976567366,8.112256606,-7.556055998,5.8516
ep-28601,CC1OCC(=O)C1C,1.0416802171050800,0.459600208,-7.558505023,6.3311
ep-28602,CCC1CC(=O)CO1,1.0599498820721200,0.387490051,-7.563675185,5.5794
ep-28614,CCC1CCOC1C,0.8919273496139230,8.105453761,-7.546532015,3.8728
ep-28616,CCCC1CCCO1,0.875211603426824,7.946539301,-7.541906081,4.3163
ep-28620,CC1CCOC(C)C1,0.89347732484269,8.185183104,-7.6270777,7.4884
ep-28667,CC1CC(=O)CCO1,0.9844285243759690,0.496879799,-7.377549346,4.8395
ep-28803,COC1CCOC1C,0.9218232131815280,7.980281413,-7.709800295,5.0196
ep-28977,CC1COC(C)C1=O,1.0538147932248000,0.445994518,-7.55115795,4.4964
ep-29046,CC1CC(C)(C)CO1,0.8609299261087820,7.911980849,-7.548164698,7.4829
ep-29061,CCC1COC(C)C1,0.8631660872421410,7.992798647,-7.544355105,7.0967
ep-29095,COC1COC(C)C1,0.5970941301737090,8.026540759,-7.653472739,4.686
ep-2942,CC(C)OC(C)C,0.8941798601421600,8.445596011,-7.550341609,4.5526
ep-2947,CCCOC(C)C,0.92475511568669,8.295933421,-7.595512499,4.2501
ep-30716,COC1COCC1C,0.5952237189775110,8.025996531,-7.703541678,6.4653
ep-31074,COC1CCCOC1,1.059803452124770,8.231170336,-7.846401423,2.7074
ep-32626,COC1OCCC1C,1.0744625525570000,7.92422597,-7.885313696,2.5666
ep-32628,COC1CCCCO1,1.0326706270083600,7.953886374,-7.82544866,3.8288
ep-32943,COC1CC(C)CO1,1.0641385697901300,8.049670432,-7.885857924,2.7327
ep-3686,CCC(=O)CC=O,1.1856165816462900,-0.054694874,-7.711432978,1.6748
ep-371,C1CCOC1,1.160044585568600,8.039057993,-7.662724608,1.0116
ep-3721,O=CCC(=O)C=O,1.2215705080694000,-0.494158661,-8.176475462,1.7924
ep-3737,CC(=O)CCC=O,1.1431940438469600,0.123539665,-7.590886565,1.9106
ep-37630,CC1(C)CCCOC1,0.9624640510617940,8.353349432,-7.687759078,4.2059
ep-37645,CC1COCC1(C)C,0.8940359093548890,7.975655478,-7.593879817,5.6536
ep-37646,CC1COCC(C)C1,0.9174749066957270,8.308450655,-7.656465991,6.1379
ep-37669,CC1(C)COCC1=O,1.0361741280654100,0.465042484,-7.56258673,7.3219
ep-37676,CCC1(C)CCOC1,0.8831226847155460,7.98082564,-7.597145182,7.2314
ep-37677,CC1CCOCC1C,0.8996843916840860,8.220830012,-7.587893313,7.4609
ep-37679,CCC1CCCOC1,0.9090953931162200,8.306817973,-7.647758349,7.83
ep-37710,CC1COCCC1=O,0.9642739052814410,0.548581421,-7.366664794,5.6495
ep-37917,CCC1COCC1C,0.8801886085357480,8.045588725,-7.569661688,6.7136
ep-3797,CCOCC(C)=O,1.0273053181499800,0.471573215,-7.371834956,1.4049
ep-38035,CCC1COCC1=O,1.0429199633603300,0.443545494,-7.568573233,8.0022
ep-38065,CC(C)C1CCOC1,0.8895347113895490,8.061371325,-7.581634696,5.894
ep-38067,CC1(C)CCOCC1,0.9567657495276770,8.230898222,-7.585716403,3.1868
ep-38085,CCCC1CCOC1,0.8960043820476190,8.016744662,-7.590614451,5.88
ep-38087,CCC1CCOCC1,0.9187965308898010,8.238517409,-7.643404528,6.4819
ep-3941,CCCCOCC,1.0493242662548000,8.491039015,-7.781638339,1.3815
ep-399,C1COCO1,0.937751077736829,7.517960066,-8.214571394,1.9911
ep-4216,CCCOCCC,1.0021201003408800,8.501651453,-7.680684119,2.8045
ep-4226,CCCOCOC,0.6571549215652010,7.987628485,-8.061643439,1.8673
ep-431,COC(C)(C)C,0.9314864168099790,7.938375887,-7.600682662,3.7317
ep-4572,CCOC(C)OC,0.5432464958276040,8.064636691,-7.978920844,1.3933
ep-468861,CC(C)C(=O)C(C)C=O,0.46848154567229600,0.281093555,-7.615104693,3.5526
ep-468920,CCCC(=O)C(C)C=O,1.0596898426878900,0.09306292,-7.590614451,3.2226
ep-468921,CCC(=O)CC(C)C=O,0.48373779012674500,0.48409045,-7.389250239,5.9253
ep-469201,CC(C)C(C)C(=O)C=O,1.1900929788352200,-0.231840958,-8.022186938,4.0248
ep-469248,CCCC(C)C(=O)C=O,1.2204599167597700,-0.334699974,-8.043956042,3.709
ep-469251,CCC(=O)C(C)CC=O,0.4790577950320680,0.296059814,-7.38788967,8.482
ep-469319,CCC(CC)C(=O)C=O,1.1320260221706700,-0.251705265,-7.983002551,7.7147
ep-469322,CCC(CC=O)C(C)=O,0.9668976808884890,0.339053795,-7.400951132,6.9966
ep-469532,CC(C)(C)CC(=O)C=O,1.3457663206676500,-0.453341591,-8.142461237,1.6272
ep-469549,CCC(C)C(=O)CC=O,0.5409422954842530,-0.029116177,-7.448298934,5.2041
ep-469710,CCCCCC(=O)C=O,1.2030447857769000,-0.352115257,-8.031710921,3.8593
ep-469711,CCCCC(=O)CC=O,1.0007826553914600,-0.02938829,-7.449659503,5.689
ep-469741,O=CCCC(=O)CC=O,0.5152764872118290,-0.071838043,-7.54326665,5.0097
ep-470426,COC(C(=O)F)C(F)F,1.1244990184926400,-0.63729052,-8.556890555,3.9104
ep-471331,CCC(C)(OC)C(C)=O,1.0178426294275700,0.662324989,-7.417005847,2.2623
ep-471337,CCC(OC)C(=O)C=O,0.712733667397486,-0.378238182,-8.083684657,5.5929
ep-471339,CCOC(CC)C(C)=O,0.35798766226457200,0.557561176,-7.358773493,2.3143
ep-471896,CCOC(=O)C(F)(F)F,1.257584147467880,-0.741510105,-8.217564646,3.1068
ep-473784,COC(=O)C(C)(C)OC,0.5769165800933360,0.259596565,-7.379454142,7.2437
ep-473785,CCOC(=O)C(C)OC,0.46937485346533700,0.226942909,-7.377005118,6.8561
ep-473790,CCC(OC)C(=O)OC,0.7285703417372420,0.226942909,-7.470884379,3.3194
ep-473816,COC(C)COC(C)=O,0.9618529676889020,0.207622829,-7.392515605,8.3771
ep-473851,COCC(C)OC(C)=O,0.9620208409646500,0.246262989,-7.353331217,4.4187
ep-473859,COC(=O)C(OC)OC,0.5556235678522900,0.113471455,-7.526667708,5.9759
ep-473930,CCCOCC(=O)OC,0.42463800723882100,0.186397953,-7.385168532,8.2162
ep-473940,COCOCC(=O)OC,0.3336287122713800,0.035374794,-7.468435355,5.6128
ep-473949,CCCOC(=O)COC,0.6107599616269600,0.140410721,-7.355508128,2.9013
ep-473968,CCC(=O)OCCOC,0.9523927850906630,0.258235996,-7.359861949,4.4417
ep-473973,CCOCCOC(C)=O,0.9619442485989800,0.206806488,-7.391699263,6.7842
ep-474933,CCCCC(=O)C(C)=O,1.1593356625550100,-0.031020973,-7.965315154,1.4378
ep-475016,CCC(C)C(=O)C(C)=O,1.2269157935210600,0.001632683,-7.946539301,1.4791
ep-475216,CCOC(OC)C(C)=O,0.8060399518471280,0.440280128,-7.581090468,8.216
ep-475224,COC(OC)C(=O)C=O,0.6981574511926830,-0.246535103,-8.32096789,4.0455
ep-475228,CCC(OC)OC(C)=O,1.0031669767227200,0.190207546,-7.391699263,2.795
ep-475268,COC(CC(C)=O)OC,0.7620303630854010,0.545043941,-7.356596583,6.5503
ep-475700,COC(=O)CC(C)C=O,1.105966549891360,0.193200798,-7.457550803,3.6138
ep-475729,COC(=O)C(=O)C(C)C,0.8823339438674210,0.044354549,-7.833067847,1.7235
ep-475820,CCCC(=O)C(=O)OC,0.8805536656848110,-0.177690311,-7.827353457,1.7894
ep-475822,CCC(=O)C(=O)COC,0.5826977993728710,0.024762356,-7.906266459,6.5111
ep-475867,CCC(=O)CC(=O)OC,0.3950677585285070,-0.019592194,-7.541089739,3.1449
ep-476135,COCC(=O)C(=O)C=O,0.9684234583819940,-0.651984665,-8.321512118,4.9451
ep-476136,CCOCC(=O)CC=O,0.4631052806573900,0.031565201,-7.582178923,5.7027
ep-476161,COC(C)CC(=O)C=O,1.1423370120280500,-0.404088993,-7.927219222,3.2445
ep-476970,CC(=O)C(=O)C(C)(C)C,1.2819536989981400,-0.011700893,-7.948716212,1.613
ep-476974,CCC(=O)C(C)(C)C=O,1.0826963315469800,0.132247307,-7.584900061,2.5822
ep-477058,CCC(=O)C(=O)C(C)C,1.1557140127352600,0.253610062,-7.85619752,3.4426
ep-477064,CCC(=O)C(C)C(C)=O,1.0007406798387700,0.384496799,-7.486666979,5.1369
ep-477068,CCC(=O)C(C=O)CC,1.048426457241550,0.06231406,-7.588437541,4.14
ep-477198,COC(C)(C)C(=O)C=O,0.6001027928467480,-0.401639969,-7.986267916,4.6727
ep-477199,CCC(C)(C)C(=O)C=O,1.1845159011319700,-0.132519421,-8.029261897,4.395
ep-477242,CCC(C(C)=O)C(C)=O,0.9990550921810230,0.363271923,-7.50816397,7.0223
ep-477252,CCCC(C=O)C(C)=O,1.0960432297383800,0.168438442,-7.618642172,2.9356
ep-477569,CCCC(=O)C(=O)CC,1.2709544314922500,0.096872513,-7.91279719,1.4909
ep-477648,O=C(CCF)CC(F)F,0.7967811477908030,0.175241287,-7.748440455,3.8815
ep-478336,COC(C=O)CC(C)=O,0.2076184771260930,0.398102489,-7.4673469,6.1677
ep-478381,COCC(C)C(=O)OC,1.0568131347632500,0.317556805,-7.42299235,6.9241
ep-481546,COC(C)(C=O)C(C)=O,0.6267196536792820,0.222316975,-7.73374631,4.122
ep-481548,CCOC(C)(C)C(C)=O,1.0307587575721200,0.697971897,-7.409930888,2.1118
ep-482177,COCCOC(=O)OC,0.6063884171321390,-0.167622101,-7.42299235,3.1255
ep-482359,CC(=O)C(CF)C(F)F,1.0763850702119500,0.135512672,-7.760685576,11.8993
ep-483118,CCOC(C)C(=O)C=O,0.6371461650225040,-0.408987041,-8.069262625,3.8126
ep-483331,CCOCCC(=O)OC,1.01397308726527,0.158370232,-7.438230723,4.6447
ep-483336,CCOC(=O)CCOC,0.9813201192024170,0.19047966,-7.402583815,6.62
ep-483371,CCOCC(=O)COC,0.3951792589234850,0.396197693,-7.490476573,4.9219
ep-483949,CCCC(=O)OCC=O,1.0599264625622300,0.004898048,-7.683133143,3.5953
ep-483951,CCCC(=O)OCOC,0.9963047390500530,0.199731529,-7.466802672,5.3923
ep-483969,CCCCC(=O)OC=O,0.6714129298041780,0.10313113,-7.936198977,2.1448
ep-483983,CCC(=O)C(C)OC=O,0.6364331619634860,0.362455582,-7.58626063,2.2786
ep-484048,CC(=O)CC(C)OC=O,0.9904262488142810,-0.001904797,-7.477959338,6.5949
ep-484088,COCCCC(=O)OC,0.9561247142036570,0.288168514,-7.350882193,7.9624
ep-485810,CC(=O)OC(=O)C(C)C,0.5645710010708480,0.105580154,-7.728576148,4.1921
ep-485815,CCC(=O)OC(C)OC,0.9780227702005260,0.231024616,-7.377277232,3.2654
ep-485818,CCC(=O)OC(=O)CC,0.5522485637533210,0.167349987,-7.711160864,3.689
ep-485825,COCOC(=O)C(C)C,0.9937986511410860,0.247351444,-7.453196982,6.9858
ep-485842,CC(=O)OC(C)C(C)=O,0.5889515602025380,0.216058357,-7.437686495,3.2784
ep-485844,CC(=O)OC(C)CC=O,1.028878133918830,0.129254055,-7.476598769,5.1179
ep-485862,CCOC(C)OC(C)=O,0.9582980531266210,0.188574863,-7.378909915,2.0518
ep-485899,COC(=O)OC(C)OC,1.080758410902910,-0.262861931,-7.491837142,1.9333
ep-485900,CCOCOC(=O)OC,1.0811127341646500,-0.30503957,-7.513062018,3.0271
ep-485903,CCOC(=O)OCOC,0.848059243811774,-0.331706722,-7.540273398,3.6079
ep-485914,COC(OC)OC(C)=O,0.7809327329020400,0.162724052,-7.519048522,4.5692
ep-485935,COCOCOC(C)=O,0.868893406572596,0.069661133,-7.539184943,6.2531
ep-486860,CCCOC(=O)CC=O,1.1204215858827200,0.005442276,-7.620546969,3.1633
ep-486877,CC(C)OCC(=O)C=O,0.5749688951735290,-0.469396305,-8.046132952,3.4392
ep-486879,CCCOCC(=O)C=O,0.5914023623325790,-0.401095741,-8.041507018,7.9927
ep-486882,O=CCOCC(=O)C=O,0.7851995368761960,-0.500145164,-7.866537844,7.0482
ep-486916,COCOCC(=O)C=O,0.37721617450942300,-0.064490971,-8.207224322,5.0141
ep-486999,CCC(C)OCC(C)=O,0.971816883888991,0.538241096,-7.404488612,6.9688
ep-487052,CCCOC(=O)C(C)=O,0.8524317992926210,-0.28571949,-7.823543864,1.7767
ep-487071,CCC(=O)COCC=O,0.4963198039712930,0.510213375,-7.375644549,5.6292
ep-487088,COCOC(C)C(C)=O,0.9522262077001540,0.688447914,-7.360406176,8.1682
ep-487104,CCC(C)OC(=O)OC,1.0678501461516700,0.429939804,-7.355236014,1.4077
ep-487132,CC(=O)OCOC(C)C,0.9885015083967930,0.124083893,-7.491565028,1.996
ep-487154,CCC(=O)COCOC,0.8701228965898700,0.540145893,-7.382991622,3.9724
ep-487162,COC(=O)OCC(C)C,1.0545537148221600,-0.099321537,-7.391155036,2.2346
ep-487165,CCCCOC(=O)OC,1.1377661253371900,-0.068300564,-7.380270484,1.3921
ep-487172,CCOCOC(=O)CC,0.9885419114674560,0.203269009,-7.381358939,2.1632
ep-487193,CCCOCOC(C)=O,0.8658132705800820,0.107757065,-7.482585272,2.9982
ep-487249,O=C(OCCF)C(F)F,1.0293144738416200,-0.470212646,-8.054296366,12.2561
ep-487258,O=C(CF)OCC(F)F,1.0055634071019400,-0.325992332,-7.895109793,9.4766
ep-487941,CCC(C)(C=O)C(C)=O,0.4671398730576740,0.149118362,-7.439047064,2.7014
ep-488183,CC(=O)C(C=O)C(C)C,0.44196699444971700,0.050885281,-7.441496089,2.9672
ep-488730,O=C1OCC(F)C1(F)F,1.278769148119510,-0.665318241,-8.147359286,2.276
ep-490782,CC(=O)Cc1ccco1,0.7027065847762660,0.455790615,-7.460544055,8.3653
ep-491076,O=C1OC(CF)OC1F,1.207787444815330,-0.483274109,-8.079875063,4.5141
ep-492694,O=CC(=O)c1ccco1,0.9581266736538570,-0.38313623,-7.855653292,4.3196
ep-493398,CC(=O)C1OCCC1C,0.9692382553241810,0.56354768,-7.360134062,2.8626
ep-493404,CC(C)C1OCCC1=O,1.0728885818819900,0.454430046,-7.540001284,3.3895
ep-493440,CCC1OCC(=O)C1C,1.0491118686586100,0.445994518,-7.532109984,4.2344
ep-493886,CCC1(C)OCCC1=O,1.0738780730919700,0.448171429,-7.54326665,3.1642
ep-493897,COC1C(=O)COC1C,0.8245555860174210,0.216874699,-7.80177476,3.6451
ep-493924,CCC1OCC(C)C1=O,1.066689449260270,0.56572459,-7.540273398,3.2704
ep-493930,CCC1OCCCC1=O,0.9980821560777570,0.514567196,-7.443400885,3.3579
ep-493936,CCC1OCOCC1=O,1.1367739168174700,0.548037193,-7.790073866,4.2644
ep-493937,COC1CCOCC1=O,1.1167677018215900,0.276467621,-7.738916472,4.0468
ep-493964,CCC1OCC(=O)C1=O,1.0304490891752600,-0.249528355,-8.183006194,2.134
ep-493980,CCC1OC(C)CC1=O,1.0692071341410900,0.479464516,-7.540817626,3.1966
ep-494034,CCCC1OCCC1=O,1.0852108545324500,0.457967525,-7.558777136,2.9969
ep-494039,CC(=O)C1CC(C)CO1,0.966431439541847,0.555112152,-7.38571276,6.5393
ep-494393,CCC1CC(=O)CCO1,1.0257631639896000,0.461232891,-7.39931845,2.6929
ep-494482,CCC1CCC(=O)CO1,1.010943192771700,0.560282314,-7.483401614,4.976
ep-494669,CCC1CC(=O)C(C)O1,1.09046049637931,0.454974274,-7.544899333,2.552
ep-495005,CC(=O)OC1CCOC1,0.8665175952314860,0.192928684,-7.402855929,7.8346
ep-497236,COC(=O)c1cc#co1,0.951218567084954,-0.533887276,-7.713882002,1.5632
ep-497626,O=C1OCOCC1(F)F,1.1433017252112200,-0.507220123,-7.990349623,5.7362
ep-497683,O=C1CC(F)(F)C(F)O1,1.2559126521581900,-0.449804111,-8.10327685,3.3832
ep-497688,O=C1OCC(F)(F)C1F,1.231063343815560,-0.539057438,-8.0194658,2.429
ep-497716,O=C1COC(C(F)F)O1,1.1734546741412600,-0.339053795,-7.920416377,4.7995
ep-497844,CC(=O)C1COCC1C,0.4484459227906150,0.582595646,-7.35850138,5.626
ep-497845,CC(C)C1COCC1=O,1.0687470178116000,0.436198421,-7.53755226,3.5663
ep-498273,CC(=O)C1(C)CCOC1,0.35776920881313400,0.559738087,-7.406121295,2.6115
ep-498275,CC1(C)COCCC1=O,1.0006757382625400,0.510485489,-7.413196253,1.8854
ep-498279,CC1OCC(=O)C1(C)C,1.0650698623921300,0.478103947,-7.541906081,3.3948
ep-498286,CCC1(C)COCC1=O,1.0574057461604300,0.486539474,-7.542994536,6.6934
ep-498292,CC1(C=O)COCC1=O,0.7881779955913040,0.018775852,-7.867626299,2.3619
ep-498297,CC1OCC(C)(C)C1=O,1.0690182994931600,0.572527435,-7.550069495,3.2369
ep-498303,CC1(C)COC(=O)C1=O,0.9116083814412180,-0.171975922,-7.685582167,4.6911
ep-498311,CCC1COCCC1=O,0.9759434764116470,0.570622639,-7.359589835,3.1289
ep-498314,CC(=O)C1CCCOC1,0.9451997446577170,0.615793529,-7.352242762,6.5773
ep-498317,CCC1C(=O)COC1C,1.0724266078915600,0.436198421,-7.549253153,3.2599
ep-498318,CC(=O)C1CCOC1C,0.9786652597910890,0.523002724,-7.382719508,4.0491
ep-498333,CCC1COC(C)C1=O,1.066363291356080,0.563819794,-7.542994536,3.6868
ep-498342,CCC1COC(=O)C1=O,0.8960971621303650,-0.195649822,-7.677690867,3.4089
ep-498343,O=CC(=O)C1CCOC1,0.6271393946829440,-0.352115257,-7.947083529,5.5864
ep-498346,CCCC1COCC1=O,1.0476665424539900,0.417694683,-7.55115795,5.705
ep-498360,COCC1COCC1=O,0.4171557188649400,0.396197693,-7.532109984,3.9301
ep-498361,CC(=O)C1COCOC1,0.9965117581434460,0.398102489,-7.477142996,5.7931
ep-498533,CCC1COCC(=O)C1,1.0002106639326400,0.516199879,-7.446122023,5.5909
ep-498674,COC(=O)C1CCOC1,0.480064233146158,0.317012577,-7.419454871,7.9113
ep-5018,CCOC(=O)C=O,1.0539303546118300,-0.421504276,-7.953886374,4.0086
ep-502272,CC1OCCC(=O)C1=O,0.7709081362898370,0.096600399,-7.925586539,2.2799
ep-502278,COC1COC(=O)C1=O,1.0331821707293200,-0.336604771,-7.83116305,2.7911
ep-502282,CC1OC(C)C(=O)C1=O,1.0116922764048800,-0.221500633,-8.168039935,1.6894
ep-502286,O=CC(=O)C1COCO1,0.8067757143721360,-0.595384994,-8.221374239,3.0548
ep-502303,O=CC1OCC(=O)C1=O,0.9596229999469750,-0.596201336,-8.258381716,2.9458
ep-503166,COCC1OCOC1=O,0.7495688668170190,-0.019592194,-7.70871184,3.1894
ep-503256,COC1OCCC(=O)O1,0.9270595141858090,1.579348495,-7.36856959,3.1344
ep-503264,COC1(C)COCC1=O,0.7574809671198450,0.41034761,-7.719324278,4.5492
ep-503265,COC1COC(C)C1=O,0.8289055409921570,0.288168514,-7.811026629,3.8758
ep-503553,CCOC1COCC1=O,0.6591202985052980,0.251705265,-7.762318259,2.454
ep-503564,COC1OCOCC1=O,0.8425887238349800,0.151023159,-7.949804667,4.8188
ep-503680,CC1OCC(=O)C(C)O1,1.2463824361574300,0.783959858,-7.732385741,2.401
ep-503756,CCC1OCC(=O)CO1,1.1504490285999700,0.229391933,-7.742726065,2.9335
ep-5049,COCOC(C)=O,1.0087158623628900,0.145308769,-7.497551531,7.4201
ep-505101,O=C1OC(F)C(F)(F)O1,1.296441518783990,4.989206523,-8.415663493,11.6719
ep-505642,CCCC1OCOC1=O,1.0542741170048500,0.223677544,-7.571294371,2.6416
ep-505649,COC(=O)C1CCCO1,0.4341978400954170,0.262045589,-7.351154307,5.5755
ep-505681,CC1COC(C=O)C1=O,0.6694519119896020,-0.031293087,-7.801230532,2.6929
ep-505754,O=CC1CCC(=O)CO1,0.8864360739408660,0.00571439,-7.561498274,7.6166
ep-505854,CC1C(=O)COC1C=O,1.2128276647297800,0.148302021,-7.825176547,2.7844
ep-505894,COC1OCC(=O)C1=O,1.1257552036978400,-0.296604042,-8.25865383,3.1136
ep-505896,CCOC1OCCC1=O,0.8791902426695140,0.297692497,-7.717419482,4.4958
ep-506868,O=C1COCC(=O)C1=O,1.09139764889973,-0.537152641,-8.366138781,3.331
ep-507127,CC1CC(=O)C(=O)CO1,0.8190603834437980,0.062858288,-7.937015318,2.2668
ep-507142,CC1COCC(=O)C1=O,0.779292826632386,-0.047075687,-7.935110522,2.217
ep-508,CCC(C)OC,2.061357100210420,8.202870501,-7.739188586,1.4419
ep-508207,CC1(C)COCC(=O)C1,0.9990743316584590,0.533887276,-7.487211207,7.9604
ep-508298,CC1CC(=O)COC1C,0.9980056419817520,0.57715337,-7.453469096,5.1732
ep-508310,COC1OCC(=O)C1C,0.8899703084072610,0.308032822,-7.645309325,2.0326
ep-508490,CC1C(=O)COC1(C)C,1.092784373566350,0.441640697,-7.538096488,2.2917
ep-508507,CC1OC(C)C(C)C1=O,1.0931284070588200,0.431572487,-7.540817626,1.87
ep-508621,CC(C)C1CC(=O)CO1,1.0901315507007800,0.369802654,-7.559593478,3.0837
ep-508633,CC(C)C1OCC(=O)O1,1.0198550752400600,0.107212837,-7.565579981,7.1549
ep-508713,CC1OC(=O)C(C)(C)O1,1.0016627701052200,0.078096661,-7.507619742,5.6661
ep-508763,CC(C)C1OCOC1=O,1.0388156015031100,0.189663319,-7.592519248,5.303
ep-513521,CC1OC(C)(C)OC1=O,0.9929591684567140,0.39674192,-7.486122752,5.9269
ep-513524,CCC1OC(=O)C(C)O1,1.2453990776429200,0.16544519,-7.541633967,7.0914
ep-513555,COC(=O)c1c#coc1,0.8052330148950310,-0.55783329,-7.729664603,4.2546
ep-513619,COC1(C)OCC(=O)O1,0.9884197600616970,0.074831295,-7.618370059,5.9906
ep-513645,CC(=O)OC1COCO1,1.0569727406938300,0.058504467,-7.534286894,3.5536
ep-513805,CCC1OC(C)OC1=O,1.0113425648991100,0.098233082,-7.528844618,5.1898
ep-513857,CCOC1OCOC1=O,0.9226270338248440,-0.119730072,-7.713882002,5.5111
ep-524174,CC1CC(=O)C(C)(C)O1,1.1029784121313700,0.452797363,-7.547076243,1.9578
ep-524175,CC1(C)OCCCC1=O,0.9826710590772870,0.712121815,-7.437686495,7.1099
ep-524177,CC(=O)C1(C)COCO1,1.0308836189206600,0.439191673,-7.518504294,4.6132
ep-524178,CC1(C)OCOCC1=O,1.173251136312410,0.557016949,-7.758236552,2.4404
ep-524184,CC1COC(C)(C)C1=O,1.0412626763001100,0.564636135,-7.53755226,4.8015
ep-524189,CCC1(C)OCOC1=O,1.0190441889885300,0.143676086,-7.554151202,6.5884
ep-524247,CC1OC(C)(C)CC1=O,1.0797602305803800,0.464498257,-7.532654212,2.7692
ep-524255,CCC1(C)CC(=O)CO1,1.0830683131340700,0.387762165,-7.548436812,3.1991
ep-524257,CC1(C)CCC(=O)CO1,1.0097478130265300,0.536064186,-7.424625033,3.2035
ep-525407,CC1(C)OCC(=O)C1=O,1.021272017377560,-0.225310226,-8.154434245,2.1284
ep-526350,O=CC(=O)c1ccoc1,1.202698501402580,-0.435926308,-7.932661498,2.3454
ep-526353,O=CC(=O)c1c#coc1,-0.9154357224144350,-0.710761246,-8.298926672,2.7447
ep-527277,COC1COCCC1=O,0.48494819189707600,0.428035007,-7.497551531,2.9449
ep-527281,COC1COCC(=O)C1,0.535168024567167,0.35592485,-7.547892584,5.129
ep-527314,CC(=O)C1COCCO1,0.36850201994953200,0.474566467,-7.381358939,3.0237
ep-527315,COCC1OCCC1=O,0.4969673798357310,0.341502819,-7.687486964,4.2272
ep-527327,COCC1CC(=O)CO1,1.0824878735334600,0.334972088,-7.605308596,4.5364
ep-527372,COC(=O)C1OCCO1,0.6630110566143760,0.01360569,-7.620002741,5.2297
ep-5279,CCOC(=O)OC,1.102803270421940,-0.187214294,-7.400679019,1.5168
ep-529025,CC1COC(C)C(=O)C1,1.0054928211941200,0.568173614,-7.469795924,4.3828
ep-529133,COC1OCCCC1=O,1.045620119032260,0.396469807,-7.618370059,5.425
ep-529209,CC1CC(C)C(=O)CO1,1.0003410680441400,0.572799549,-7.474966086,4.5898
ep-529213,CCCC1CC(=O)CO1,1.164424044093810,0.351843143,-7.569933802,2.4454
ep-529221,CCCC1OCC(=O)O1,1.0246101566828800,-0.041633411,-7.574831851,8.0436
ep-529823,CCC1(C)OCC(=O)O1,1.002835089807120,0.065307312,-7.513334132,7.1209
ep-531801,COC1(C)CC(=O)CO1,1.0538379191088400,0.390483303,-7.580002013,5.9519
ep-531875,COC1CCC(=O)CO1,1.0252584846731300,0.572799549,-7.498367873,3.6039
ep-532075,CC1CC(=O)C(C)CO1,0.993794158588376,0.545588169,-7.362583087,2.9182
ep-532096,CC1COCC(C)C1=O,0.9668644364437980,0.571711094,-7.390338694,2.2668
ep-532142,CCC(=O)C1COCO1,0.539022214846753,0.468852077,-7.435509585,3.5309
ep-532511,CC1CCC(=O)C(C)O1,1.0148564270663300,0.597017677,-7.456734461,3.2898
ep-534169,COC1OC(C)CC1=O,0.743271847584756,0.362183468,-7.681228346,3.1107
ep-534179,COC1OCC(C)C1=O,0.9039153919533970,0.323815422,-7.734290537,4.1886
ep-534230,CC1CCOC(C)C1=O,1.017259420827800,0.552935242,-7.454829665,2.4866
ep-534243,CC(=O)C1OCC(C)O1,0.5299846650164930,0.401639969,-7.550613722,2.3526
ep-534272,CC1C(=O)COCC1=O,1.3884457976887300,0.118641617,-7.806944922,2.8711
ep-534286,CC1OCOC(C)C1=O,1.1499165738931000,0.542322803,-7.75306639,3.0384
ep-535111,CC1(C)CCOCC1=O,0.9803563865505320,0.608718571,-7.440679747,7.1371
ep-549,CCOC(C)C,1.0326199931912200,8.371853171,-7.700004199,1.527
ep-5606,COC(OC)OC,0.7319422889822690,7.918783694,-8.203686842,4.2862
ep-5814,CC1(C)CCOC1,1.0322260783145800,7.971301657,-7.643132414,1.5217
ep-597285,CCC(C)CCC(C)OC,0.9224898476154990,8.241782774,-7.64422087,6.3477
ep-598874,COC(C)CCCC(C)C,0.906107155866419,8.12831132,-7.658642901,8.1853
ep-599150,CCCCCC(CC)OC,0.9123734597589810,8.1791966,-7.637418025,7.4268
ep-603042,CCC(C(C)C)C(C)OC,0.914184585006536,8.10327685,-7.651567942,5.3856
ep-607990,COC(C)(OC)C(C)(C)C,0.9853358751095250,8.062187666,-7.820822726,2.9765
ep-608193,CCC(C)(CC)C(C)OC,0.9405785545958940,8.120147906,-7.582723151,4.9195
ep-608200,CCCC(C)(C)C(C)OC,0.8639733256087060,8.211306029,-7.620819083,6.1593
ep-608237,COC(C(C)C)C(C)(C)C,0.8720109524822840,8.09538555,-7.619458514,3.8384
ep-608243,CCOC(CC)C(C)(C)C,0.8635238727123030,8.393350161,-7.590886565,8.2726
ep-614193,CCCCOC(C)(C)CC,0.8387471117529010,8.116338313,-7.524218684,5.9717
ep-614195,CCC(C)COC(C)CC,0.9264435232156280,8.46491609,-7.600410548,4.4484
ep-614210,CCCCOC(CC)CC,0.8650429702989100,8.273620089,-7.528844618,6.701
ep-614224,CCCOC(C)C(C)CC,0.9044689893439260,8.466820887,-7.584627947,6.7157
ep-614265,CCCCOCC(C)(C)C,0.9473826830027100,8.612945998,-7.634424773,7.1965
ep-614307,CCCCCOCCCC,0.9365208722574670,8.519610964,-7.650751601,5.3405
ep-625703,CCC(OC)(OC)C(C)C,0.9203449380068700,8.048581976,-7.814564108,5.2986
ep-625718,CCC(C)OC(C)C(C)C,0.8547313440414860,8.469542025,-7.510068766,6.1997
ep-625724,CCCOC(C)C(C)(C)C,0.8433929447129190,8.288858462,-7.532109984,7.8915
ep-625750,CC(C)COC(C)C(C)C,0.8878601766146790,8.42409902,-7.585716403,3.488
ep-625874,CC(C)(C)COC(C)(C)C,0.9021737079853170,8.127222865,-7.523130229,5.5166
ep-625885,CCC(C)(C)COC(C)C,0.9300889074094590,8.446140238,-7.595512499,6.047
ep-625889,CCC(C)OCC(C)(C)C,0.9337806717329140,8.40260203,-7.586804858,6.8592
ep-625902,CCC(CC)COC(C)C,0.8044842982379960,8.428997069,-7.582723151,6.0207
ep-625907,CCCC(C)COC(C)C,0.9118196189200750,8.405051054,-7.620274855,5.843
ep-625927,CCC(CC)OCC(C)C,0.88208161724904,8.271987406,-7.550613722,8.0212
ep-627794,CCCC(CC)(CC)OC,0.8962123752858390,7.912525076,-7.534559008,3.5457
ep-627852,CCC(C)(CC(C)C)OC,0.9127765814006190,7.963954585,-7.574559737,4.1376
ep-627871,CCCCC(C)(CC)OC,0.9286178352043160,7.928579791,-7.55687234,3.9341
ep-628022,CCCC(CC(C)C)OC,0.9030823596577710,8.166135138,-7.627349814,6.8726
ep-628050,CCCCC(CCC)OC,0.925430885764706,8.176475462,-7.637145911,5.3125
ep-6327,CC1COCC1C,0.9008727723300180,8.032527262,-7.581362582,4.9064
ep-6359,CC1CCOC1C,0.8886241353420170,8.087222136,-7.557960795,4.5682
ep-636604,COC(C)(CC(C)C)OC,0.8497538279001310,7.939192229,-7.828441912,1.8344
ep-645882,CCC(CC)(OC)C(C)C,0.8818519178216080,8.081235632,-7.514422587,3.2905
ep-646049,CCC(OC)C(C)C(C)C,0.9032839330173060,8.236340498,-7.588709654,4.6515
ep-646050,CCC(CC)C(CC)OC,0.8931433869828860,8.177291804,-7.612383555,7.5728
ep-646053,CCCC(OC)C(C)CC,0.8725524734208150,8.195251315,-7.602043231,7.735
ep-646055,CCCC(C)C(CC)OC,0.8828337675533290,8.067902056,-7.603948027,3.9819
ep-646157,COC(CC(C)C)C(C)C,0.8914443773969340,8.094024981,-7.602859572,6.8364
ep-646159,CCCCC(OC)C(C)C,0.8926495872140570,8.181917738,-7.613199896,5.5088
ep-646529,CCCC(C)(CC)OCC,0.8419798154159410,8.070623194,-7.511429335,6.3884
ep-6504,CC1COCC1=O,1.189099363566750,0.30503957,-7.629254611,1.3738
ep-651255,CCCOCOCC(C)C,0.5995367892550980,8.026540759,-7.96504304,2.0549
ep-6535,CCC1CCOC1,1.0220903915825500,8.051847342,-7.615376807,1.5451
ep-653736,CC(C)CCOC(C)(C)C,0.8612448140020100,8.016744662,-7.522586001,6.6171
ep-653739,CCCCCOC(C)(C)C,0.8678347652467600,8.008853362,-7.50816397,6.1274
ep-6572,CC1CCOCC1,0.938449087847323,8.36967626,-7.695922492,6.5465
ep-657299,CCCOC(C)(CC)OC,1.0652040017589000,8.052935797,-7.887490607,1.377
ep-657305,CCC(C)OC(CC)OC,0.5986397221317640,8.12042002,-7.840687033,5.5736
ep-657450,CCCC(C)(OC)OCC,0.19811248575890200,7.949260439,-7.763406714,1.5305
ep-657452,CCOC(C)(CC)OCC,0.42566290370258100,7.92068849,-7.78245468,1.5073
ep-657455,CCCC(OC)OC(C)C,0.6759500834072610,8.113889288,-7.905722231,2.0326
ep-657486,CCCC(OCC)OCC,0.6366498791096540,8.148447741,-7.829530367,6.557
ep-657896,CCOC(C)(C)OC(C)C,1.0013276988995300,8.182461966,-7.686942736,1.8265
ep-657966,CCCOC(C)(C)OCC,1.063144453560630,8.242327002,-7.855653292,1.4507
ep-657976,CCCOC(C)OCOC,0.6792646166128670,7.972390112,-8.099739371,6.2237
ep-661336,CCCC(C)C(C)(C)OC,0.8706427739605870,7.906266459,-7.548708926,5.1354
ep-661341,COC(C)C(C)CC(C)C,0.9192632418938740,8.254300009,-7.654833308,5.0958
ep-661354,CCCC(CC)C(C)OC,0.9196441906346820,8.285320982,-7.626805586,4.867
ep-661836,CCC(CC)C(C)(C)OC,0.8971722132087460,7.913341418,-7.532382098,4.1093
ep-661839,CCOC(C)C(CC)CC,0.8299358125124840,8.217292532,-7.535919577,5.0423
ep-662150,CCC(C)(C)CC(C)OC,0.9115227583644350,8.122869044,-7.647214121,7.9685
ep-662184,COC(C)(C)CC(C)(C)C,0.8993050815970390,7.926130766,-7.54898104,3.8902
ep-662210,CCC(CC(C)(C)C)OC,0.8807127919433200,8.108174899,-7.628982497,6.7925
ep-662287,CCC(CC)CC(C)OC,0.8941513234940550,8.168312048,-7.648302577,8.1242
ep-662320,CCCC(C)CC(C)OC,0.8383736088464320,8.218380988,-7.596600955,7.2398
ep-662381,CCC(C)CC(CC)OC,0.8878418761391920,8.086405795,-7.597961524,7.4918
ep-662639,CCCCOCOCCC,0.6442456950590050,7.980281413,-7.928579791,6.3469
ep-6637,CC1COC(C)C1,0.8807646490001890,7.941097025,-7.546532015,5.2835
ep-6638,CC1CCCOC1,0.9353575106623850,8.242327002,-7.661091925,4.8807
ep-663913,CC(C)OCCC(C)(C)C,0.8733082631111900,8.420289427,-7.622723879,7.7561
ep-663914,CCCOCCC(C)(C)C,0.9413006952215930,8.540835841,-7.642316073,5.5981
ep-663918,CCOC(C)CC(C)CC,0.8689439894386240,8.32668228,-7.576464533,6.0097
ep-663923,CCCOCCC(C)CC,0.9328852276892920,8.531583971,-7.648030463,5.9815
ep-664259,CCCCC(C)OC(C)C,0.839412732852094,8.434711459,-7.513606246,7.7982
ep-664262,CCCCCCOC(C)C,0.8794575434059430,8.307906428,-7.577552989,8.3891
ep-664273,CCCCCCOCCC,0.9099134814339750,8.496481291,-7.649663146,8.4922
ep-664298,CCCCC(C)OCCC,0.8823545151409660,8.295389193,-7.551430064,8.4446
ep-666730,CCOC(C)(C)CC(C)C,0.8559474818701310,7.937559546,-7.520953318,5.1221
ep-666732,CCCCC(C)(C)OCC,0.8642074267446970,8.116338313,-7.530749415,6.0959
ep-666741,CCOC(CC)CC(C)C,0.8864356111904620,8.422194224,-7.608573962,5.4436
ep-666790,CCC(C)CC(OC)OC,0.8892458262506210,8.019737914,-7.959872878,6.3989
ep-684,CCC(=O)C=O,1.3503640887628500,-0.475110695,-8.120964247,1.6884
ep-690,CC(=O)CC=O,1.192636779115380,-0.052517963,-7.730753058,1.9882
ep-71310,CCC(OC)C(C)(C)C,0.9460028108380260,8.215931963,-7.680956233,2.3794
ep-71313,COC(C(C)C)C(C)C,0.9880177205962310,8.270354723,-7.700548426,1.9313
ep-71318,CCC(C)C(CC)OC,0.9633585414661910,8.247497164,-7.65782656,2.2553
ep-71324,CCOC(CC)C(C)C,0.922820253070028,8.341648539,-7.616465262,3.9984
ep-71330,CCCC(OC)C(C)C,0.9665700809716760,8.207224322,-7.655921763,2.7962
ep-71464,CCC(CC(C)C)OC,0.8950502809564650,8.1713053,-7.649391032,2.6921
ep-71469,CCCC(CC)OCC,0.9081891763195090,8.268994154,-7.601771117,4.3016
ep-71475,CCCC(CCC)OC,0.9747273592438760,8.227360743,-7.67360916,2.5964
ep-71480,CCCCC(CC)OC,0.9657336107646730,8.253483668,-7.680684119,2.1383
ep-71552,CCOC(C)(CC)CC,0.8882268789401880,8.179468714,-7.553606974,3.1131
ep-71554,CCC(CC)OC(C)C,0.9008348613810620,8.423282679,-7.537824374,2.5282
ep-71559,CCCOC(CC)CC,0.9602388373515740,8.408588534,-7.653744853,1.937
ep-716638,FC(F)(F)COCC(F)(F)F,0.61284588179709,5.497787215,-8.915808657,58.0184
ep-73321,CCC(CC)C(C)OC,0.8352967430004580,8.239605864,-7.679051436,2.183
ep-736,CCCCOC,1.0516581527516300,8.350084067,-7.765583624,1.6069
ep-7640,CC1OCCC1=O,1.0604448390138400,0.452797363,-7.571294371,5.3606
ep-7658,COC1CCCC1,,8.181101397,-7.747352,1.3707
ep-7661,CCC1CCCO1,0.8893076258256960,8.190081152,-7.658098673,3.3453
ep-7852,CC1CCCCO1,0.9467833761685050,8.251850985,-7.663268836,3.4895
ep-7865,CC1CC(=O)CO1,1.190471604242800,0.281365669,-7.614288352,1.3081
ep-7868,CC1CCC(C)O1,0.9111386649960420,8.387635771,-7.625172904,3.7641
ep-7990,CC1OCOC1=O,1.1067157029130700,0.142043404,-7.602043231,1.4264
ep-800,CCCOCC,0.9586540503642380,8.512808119,-7.686126395,4.6508
ep-8896,O=C1COCC1=O,1.0857100100963200,-0.287080059,-8.226544402,2.907
ep-8902,O=C1CCOCC1,0.9856454427693030,0.483546223,-7.393876174,5.8215
ep-8910,O=C1CCCOC1,1.0200133826332100,0.431572487,-7.473605517,1.5881
ep-8959,O=C1COCOC1,1.4342560336043100,0.131975193,-7.818917929,1.7362
ep-896,COC(C)OC,0.6448159125503840,7.956335398,-8.000417834,1.8349
ep-9006,COC1CCCO1,1.1122506701697500,7.914701987,-7.923953856,2.1967
ep-91355,CCOC(C)(CC)OC,0.35301816505206500,7.905994345,-7.831707278,1.2254
ep-91396,COC(C)(C)OC(C)C,1.0821463706647500,8.046949294,-7.814291995,1.3193
ep-91405,CCOC(C)(C)OCC,0.35899198590178500,7.910076052,-7.783815249,1.4173
ep-91517,COC(C)(OC)C(C)C,0.22270844412823800,8.034704173,-7.805856467,1.583
ep-91520,CCCC(C)(OC)OC,1.0980399894957200,8.016472548,-7.919600035,1.4605
ep-91575,CCC(OC)(OC)OC,0.8202996752442690,7.985179461,-7.996064013,2.7306
ep-91818,COC(OC)C(C)(C)C,0.7103967281884250,8.184094649,-7.900824183,8.3216
ep-91820,CCOC(OC)C(C)C,0.6978876336102130,8.308722769,-7.883681014,7.5177
ep-91826,CCC(C)C(OC)OC,0.6528508477267970,8.141644896,-7.917967352,5.7481
ep-91877,CCC(OC)OC(C)C,0.6104188053853990,8.113889288,-7.851843699,5.9149
ep-91887,CCCOC(CC)OC,0.5734306666001880,8.214027167,-7.923137515,3.4096
ep-91892,CCOC(CC)OCC,0.5563934221576790,8.193346518,-7.876333941,5.9139
ep-91983,COC(CC(C)C)OC,0.6183842302458570,8.032255148,-7.961777674,4.6523
ep-91988,CCCCC(OC)OC,0.6962639332015510,8.164230341,-7.932661498,7.1069
ep-92275,CCC(C)OC(C)OC,0.6637904686307030,8.067085715,-7.837421668,8.0293
ep-937786,O=C1OCC(C(F)(F)F)O1,1.0754256332162000,-0.560282314,-7.745175089,62.8461
ep-937787,O=C1OCC(F)(C(F)F)O1,1.1445224304609500,-0.696883442,-7.97293434,57.0445
ep-937788,O=C1OC(F)C(C(F)F)O1,1.1477815019057300,-0.746680267,-8.009941817,88.2053
ep-937789,O=C1OC(F)C(F)(CF)O1,1.1957645546309000,-0.645726047,-8.131032458,17.448
ep-937791,CC1(F)OC(=O)OC1(F)F,1.2616951579831200,-0.201364212,-8.323144801,14.0296
ep-937794,O=C1OC(F)C(F)(C(F)F)O1,1.291884586512060,0.637834747,-8.376751219,9.581
ep-937796,O=C1OC(F)(F)C(F)(CF)O1,1.2899021553315200,0.764367664,-8.443963328,14.8361
ep-937800,O=C1OC(F)(F)C(F)(C(F)(F)F)O1,1.5337772809431900,4.428107867,-8.738118346,2.5525
ep-938709,COC(=O)OCC(F)(F)F,1.2978144552987200,-0.590486946,-7.838238009,3.5886
ep-938728,COC(=O)OC(F)(F)C(F)(F)F,1.4645564243511500,-0.746952381,-8.235524157,6.8631
ep-938813,O=C(OCCC(F)F)OC(F)(F)F,1.1574154372443800,-0.644909706,-8.301375697,5.7873
ep-938863,O=C(OCC(F)(F)C(F)F)OC(F)(F)F,1.269808807113610,-0.638651089,-8.491855357,8.9127
ep-938894,COC(=O)OC(CF)C(F)F,0.9541710835294120,-0.300141521,-7.798781508,3.74
ep-938901,CC(C)OC(=O)OC(F)(F)F,1.168821179472890,-0.699060352,-8.162053431,9.1009
ep-938902,COC(=O)OC(C)(F)C(F)(F)F,1.039531364034440,-0.323543308,-7.966675723,5.6299
ep-938904,CC(OC(=O)OCF)C(F)(F)F,1.3253345669258300,-0.609262798,-8.086133681,5.3282
ep-938905,COC(=O)OC(F)(CF)C(F)F,1.0847572161602800,-0.382319889,-8.043411814,8.8696
ep-938907,COC(=O)OC(C(F)F)C(F)F,1.073975761549080,-0.637834747,-7.961777674,3.0356
ep-938908,O=C(OCF)OC(CF)C(F)F,1.0544957754437100,-0.674842224,-8.121508475,22.0827
ep-938913,CC(CF)OC(=O)OC(F)(F)F,1.1330322301953700,-0.73470726,-8.308178542,11.2225
ep-938915,COC(=O)OC(F)(CF)C(F)(F)F,1.3532686688184100,-0.271841686,-8.137835303,8.0898
ep-938917,COC(=O)OC(C(F)F)C(F)(F)F,1.2557278337516700,-0.687631573,-8.023819621,3.294
ep-938919,CC(OC(=O)OC(F)F)C(F)(F)F,1.253463480187120,-0.589942718,-8.361240733,8.4465
ep-938920,COC(=O)OC(F)(C(F)F)C(F)F,1.1834978079975200,-0.615249302,-8.221102126,23.4802
ep-938923,O=C(OCF)OC(C(F)F)C(F)F,1.1159198879451900,-0.719741001,-8.233891474,7.9177
ep-938925,CC(OC(=O)OC(F)(F)F)C(F)F,1.3553603841429000,-0.730081325,-8.491039015,5.9568
ep-938930,O=C(OCF)OC(F)(CF)C(F)(F)F,0.9632278920352110,-0.380415092,-8.209401232,21.0187
ep-938942,COC(=O)OC(F)(C(F)(F)F)C(F)(F)F,1.1854611093505700,-0.244086079,-8.194434973,5.5421
ep-940103,O=C(OCCF)OCC(F)F,0.9298007131431890,-0.338237453,-7.727759806,8.1885
ep-940111,O=C(OCCF)OCC(F)(F)F,1.1008541216776800,-0.623412716,-7.923681742,7.3629
ep-940114,O=C(OCCF)OC(F)C(F)F,1.1576746489024200,-0.730353439,-8.148719855,26.1417
ep-940116,O=C(OCC(F)F)OC(F)CF,0.9911610610910890,-0.693073849,-8.063276122,17.4994
ep-940117,O=C(OCC(F)F)OCC(F)F,0.9678075557888550,-0.592663856,-7.888306948,10.6671
ep-940128,O=C(OCC(F)F)OCC(F)(F)F,1.1434793548438000,-0.713482384,-8.0273571,7.2997
ep-9462,CC1OCC(=O)O1,1.3554990196287400,-0.086532188,-7.569933802,1.371
ep-95836,COC(C)CC(C)(C)C,0.8806256424605090,8.1555227,-7.651840056,2.3904
ep-96093,CCC(C)CC(C)OC,0.8790397810572080,8.158788065,-7.674153388,2.4035
ep-9694,O=C1COCCO1,0.9443729400344730,4.80498548,-7.364487883,4.1047
ep-974370,FC(F)COCCOCC(F)(F)F,-0.0674,5.478739249,-8.191441721,58.7329
ep-97675,COC(C)CCC(C)C,0.9326657702515220,8.239061636,-7.679867777,2.465
ep-98231,CCCCCC(C)OC,0.8369429795877750,8.22355115,-7.672520705,2.6357
ep-98239,FCCCOCCCF,0.455459392867738,5.43165892,-7.916441441,24.6601
ep-98364,FC(F)C(F)(F)OCCOC(F)(F)C(F)F,0.463850996870783,5.574131818,-9.578391855,8.272997769